Category,Papers,Percent
Not specified,52,26.3
AnyLogic,46,23.2
Arena,19,9.6
Python,15,7.6
Simio,10,5.1
Vensim,7,3.5
Plant Simulation,6,3.0
FlexSim,6,3.0
SimPy,5,2.5
MATLAB,4,2.0
AnyLogistix,4,2.0
SAS Simulation Studio,3,1.5
NetLogo,3,1.5
Java,2,1.0
R,1,0.5
SimChain,1,0.5
ProModel,1,0.5
Excel,1,0.5
Witness Horizon,1,0.5
FACTS Analyzer,1,0.5
@RISK,1,0.5
Stella Architect,1,0.5
Mesa,1,0.5
Process Simulator,1,0.5
MASON,1,0.5
Repast,1,0.5
Simul8,1,0.5
O2DES.Net,1,0.5
AutoSched,1,0.5
pydsol,1,0.5
TOTAL,198,100.0
