Application domain (CSV vocabulary),,
Category,Papers,Percent of 198 papers
Other/Not mentioned,78,39.4
Industrial and Manufacturing,64,32.3
Agriculture and Food,28,14.1
Healthcare and Medical,25,12.6
Humanitarian and Emergency,10,5.1
Information and Communication Technology (ICT),3,1.5
Total assignments,208,105.1
,,
Application domain (Table 2 scheme),,
Category,Papers,Percent of 198 papers
Healthcare and medical supplies,16,8.1
Pharmaceuticals,9,4.5
Agriculture and food,28,14.1
Manufacturing and industry,64,32.3
Humanitarian and emergency response,10,5.1
Electronics and ICT products,3,1.5
Other or not specified,78,39.4
Total assignments,208,105.1
